Protocollo;Gruppo;DataOraIncidente;Localizzazione1;STRADA1;Localizzazione2;STRADA2;Strada02;Chilometrica;DaSpecificare;NaturaIncidente;particolaritastrade;TipoStrada;FondoStradale;Pavimentazione;Segnaletica;CondizioneAtmosferica;Traffico;Visibilita;Illuminazione;NUM_FERITI;NUM_RISERVATA;NUM_MORTI;NUM_ILLESI;Longitudine;Latitudine;Confermato;Progressivo;TipoVeicolo;StatoVeicolo;TipoPersona;Sesso;Tipolesione;Deceduto;DecedutoDopo;CinturaCascoUtilizzato;Airbag;
4881639;18;19/04/2020 10:40:00;Strada Urbana;VIA NUOVA DELLE FORNACI;da specificare;;;;prossimit� parcheggio;Veicolo in marcia contro ostacolo accidentale;Rettilineo;Una carreggiata a senso unico di marcia;Asciutto;Asfaltata;Verticale ed orizzontale;Sereno;Scarso;Buona;Ore Diurne;0;0;0;1;12.4584;41.8928;-1;1;Autovettura privata;In marcia / fermata / arresto;Conducente;M;Illeso;0;;;
4881645;10;19/04/2020 16:30:00;Strada Urbana;VIA TUSCOLANA;da specificare;;;;alt inv. di marcia via B. Petrocelli dir. fuori RM;Scontro frontale/laterale SX fra veicoli in marcia;Rettilineo;Due carreggiate;Asciutto;Asfaltata;Verticale ed orizzontale;Nuvoloso;Scarso;Buona;Ore Diurne;0;0;0;3;12.6065;41.8344;-1;1;Autovettura privata;In marcia / fermata / arresto;Conducente;M;Illeso;0;;Non accertato;Inesploso
4881645;10;19/04/2020 16:30:00;Strada Urbana;VIA TUSCOLANA;da specificare;;;;alt inv. di marcia via B. Petrocelli dir. fuori RM;Scontro frontale/laterale SX fra veicoli in marcia;Rettilineo;Due carreggiate;Asciutto;Asfaltata;Verticale ed orizzontale;Nuvoloso;Scarso;Buona;Ore Diurne;0;0;0;3;12.6065;41.8344;-1;1;Autovettura privata;In marcia / fermata / arresto;Passeggero;F;Illeso;0;;Non accertato;Inesploso
4881645;10;19/04/2020 16:30:00;Strada Urbana;VIA TUSCOLANA;da specificare;;;;alt inv. di marcia via B. Petrocelli dir. fuori RM;Scontro frontale/laterale SX fra veicoli in marcia;Rettilineo;Due carreggiate;Asciutto;Asfaltata;Verticale ed orizzontale;Nuvoloso;Scarso;Buona;Ore Diurne;0;0;0;3;12.6065;41.8344;-1;2;Autovettura privata;In marcia / fermata / arresto;Conducente;F;Illeso;0;;Non accertato;Esploso
4881661;18;19/04/2020 15:45:00;Strada Urbana;LARGO TOMASO PERASSI;da specificare;;;;altezza svincolo Via Aurelia Antica;Scontro laterale fra veicoli in marcia;Rettilineo;Due carreggiate;Asciutto;Asfaltata;Orizzontale;Nuvoloso;Scarso;Buona;Ore Diurne;0;0;0;2;12.4099;41.8895;-1;1;Autovettura privata;In marcia / fermata / arresto;Conducente;M;Illeso;0;;;
4881661;18;19/04/2020 15:45:00;Strada Urbana;LARGO TOMASO PERASSI;da specificare;;;;altezza svincolo Via Aurelia Antica;Scontro laterale fra veicoli in marcia;Rettilineo;Due carreggiate;Asciutto;Asfaltata;Orizzontale;Nuvoloso;Scarso;Buona;Ore Diurne;0;0;0;2;12.4099;41.8895;-1;2;Autovettura pubblica;In marcia / fermata / arresto;Conducente;M;Illeso;0;;;
4881691;6;20/04/2020 08:45:00;Strada Urbana;VIALE DELLA PRIMAVERA;all'intersezione con;VIA DELLE ALBIZZIE;VIA DELLE ALBIZZIE;;;Scontro frontale/laterale DX fra veicoli in marcia;Incrocio;Due carreggiate;Bagnato (pioggia);Asfaltata;Verticale ed orizzontale;Pioggia in atto;Normale;Buona;Ore Diurne;0;0;0;2;12.561;41.8844;-1;1;Autovettura privata;In marcia / fermata / arresto;Conducente;M;Illeso;0;;;
4881691;6;20/04/2020 08:45:00;Strada Urbana;VIALE DELLA PRIMAVERA;all'intersezione con;VIA DELLE ALBIZZIE;VIA DELLE ALBIZZIE;;;Scontro frontale/laterale DX fra veicoli in marcia;Incrocio;Due carreggiate;Bagnato (pioggia);Asfaltata;Verticale ed orizzontale;Pioggia in atto;Normale;Buona;Ore Diurne;0;0;0;2;12.561;41.8844;-1;2;Autovettura privata;In marcia / fermata / arresto;Conducente;M;Illeso;0;;;
4881708;17;18/04/2020 10:30:00;Strada Urbana;VIALE DELLE MILIZIE;in prossimit�;;del civico n.;5/C;;Veicolo in marcia contro veicolo in sosta;Rettilineo;Pi� di due carreggiate;Asciutto;Asfaltata;Verticale ed orizzontale;Sereno;Scarso;Buona;Ore Diurne;0;0;0;0;12.4624;41.9121;-1;1;Autovettura privata;Sosta;;;;;;;
4881708;17;18/04/2020 10:30:00;Strada Urbana;VIALE DELLE MILIZIE;in prossimit�;;del civico n.;5/C;;Veicolo in marcia contro veicolo in sosta;Rettilineo;Pi� di due carreggiate;Asciutto;Asfaltata;Verticale ed orizzontale;Sereno;Scarso;Buona;Ore Diurne;0;0;0;0;12.4624;41.9121;-1;2;Macchina operatrice;Allontanatosi;;;;;;;
4881752;5;20/04/2020 07:15:00;Strada Urbana;NUOVA CIRCONVALLAZIONE INTERNA;da specificare;;;;DIR. S.GIOVANNI 50 MT PRIMA USCITA MONTI TIBURTINI;Veicolo in marcia contro ostacolo fisso;Rettilineo;Una carreggiata a senso unico di marcia;Bagnato (pioggia);Asfaltata;Verticale ed orizzontale;Pioggia in atto;Normale;Sufficiente;Ore Diurne;1;0;0;0;12.5277;41.9251;-1;1;Autovettura privata;In marcia / fermata / arresto;Conducente;F;Rimandato;0;NON DECEDUTO;Non accertato;Inesploso
4881857;11;19/04/2020 09:20:00;Strada Urbana;VIA AUGUSTO VERA;in corrispondenza;;del civico n.;32;;Scontro laterale fra veicoli in marcia;Rettilineo;Due carreggiate;Asciutto;Asfaltata;Verticale ed orizzontale;Nuvoloso;Scarso;Buona;Ore Diurne;0;0;0;4;12.4875;41.8448;-1;1;Autovettura privata;In marcia / fermata / arresto;Conducente;M;Illeso;0;;;
4881857;11;19/04/2020 09:20:00;Strada Urbana;VIA AUGUSTO VERA;in corrispondenza;;del civico n.;32;;Scontro laterale fra veicoli in marcia;Rettilineo;Due carreggiate;Asciutto;Asfaltata;Verticale ed orizzontale;Nuvoloso;Scarso;Buona;Ore Diurne;0;0;0;4;12.4875;41.8448;-1;2;Autoambulanza;In marcia / fermata / arresto;Conducente;M;Illeso;0;;Non accertato;Inesploso
4881857;11;19/04/2020 09:20:00;Strada Urbana;VIA AUGUSTO VERA;in corrispondenza;;del civico n.;32;;Scontro laterale fra veicoli in marcia;Rettilineo;Due carreggiate;Asciutto;Asfaltata;Verticale ed orizzontale;Nuvoloso;Scarso;Buona;Ore Diurne;0;0;0;4;12.4875;41.8448;-1;2;Autoambulanza;In marcia / fermata / arresto;Passeggero;F;Illeso;0;;Non accertato;Inesploso
4881857;11;19/04/2020 09:20:00;Strada Urbana;VIA AUGUSTO VERA;in corrispondenza;;del civico n.;32;;Scontro laterale fra veicoli in marcia;Rettilineo;Due carreggiate;Asciutto;Asfaltata;Verticale ed orizzontale;Nuvoloso;Scarso;Buona;Ore Diurne;0;0;0;4;12.4875;41.8448;-1;2;Autoambulanza;In marcia / fermata / arresto;Passeggero;M;Illeso;0;;Non accertato;Inesistente
4881905;5;20/04/2020 06:40:00;Strada Urbana;VIA RINALDO D'AQUINO;da specificare;;;;PROSS.TA' PALO ACEA 15 DIR. GRA;Veicolo in marcia contro ostacolo fisso;Curva a visuale libera;Due carreggiate;Bagnato (pioggia);Asfaltata;Verticale ed orizzontale;Pioggia in atto;Normale;Buona;Ore Diurne;1;0;0;0;12.6108;41.9646;-1;1;Autovettura privata;In marcia / fermata / arresto;Conducente;F;Rimandato;0;NON DECEDUTO;Non accertato;
4881909;5;20/04/2020 07:40:00;Strada Urbana;NUOVA CIRCONVALLAZIONE INTERNA;da specificare;;;;DIR. S. GIOVANNI PROSS. INGRESSO BATTERIA NOMENTAN;Tamponamento Multiplo;Curva a visuale libera;Una carreggiata a senso unico di marcia;Bagnato (pioggia);Asfaltata;Orizzontale;Nuvoloso;Normale;Sufficiente;Sufficiente;2;0;0;1;12.5269;41.9297;-1;1;Autovettura privata;In marcia / fermata / arresto;Conducente;M;Rimandato;0;NON DECEDUTO;Non accertato;Esploso
4881909;5;20/04/2020 07:40:00;Strada Urbana;NUOVA CIRCONVALLAZIONE INTERNA;da specificare;;;;DIR. S. GIOVANNI PROSS. INGRESSO BATTERIA NOMENTAN;Tamponamento Multiplo;Curva a visuale libera;Una carreggiata a senso unico di marcia;Bagnato (pioggia);Asfaltata;Orizzontale;Nuvoloso;Normale;Sufficiente;Sufficiente;2;0;0;1;12.5269;41.9297;-1;2;Autovettura privata;In marcia / fermata / arresto;Conducente;M;Illeso;0;;Non accertato;Inesploso
4881909;5;20/04/2020 07:40:00;Strada Urbana;NUOVA CIRCONVALLAZIONE INTERNA;da specificare;;;;DIR. S. GIOVANNI PROSS. INGRESSO BATTERIA NOMENTAN;Tamponamento Multiplo;Curva a visuale libera;Una carreggiata a senso unico di marcia;Bagnato (pioggia);Asfaltata;Orizzontale;Nuvoloso;Normale;Sufficiente;Sufficiente;2;0;0;1;12.5269;41.9297;-1;3;Autovettura privata;In marcia / fermata / arresto;Conducente;M;Rimandato;0;NON DECEDUTO;Non accertato;Inesploso
4882071;18;20/04/2020 09:30:00;Strada Urbana;VIA ENRICO BONDI;in prossimit�;;del civico n.;90;;Veicolo in marcia contro veicolo in sosta;Rettilineo;Una carreggiata a senso unico di marcia;Bagnato (pioggia);Asfaltata;Verticale ed orizzontale;Pioggia in atto;Normale;Buona;Ore Diurne;0;0;0;0;12.3884;41.9029;-1;1;Autovettura privata;Allontanatosi;;;;;;;
4882071;18;20/04/2020 09:30:00;Strada Urbana;VIA ENRICO BONDI;in prossimit�;;del civico n.;90;;Veicolo in marcia contro veicolo in sosta;Rettilineo;Una carreggiata a senso unico di marcia;Bagnato (pioggia);Asfaltata;Verticale ed orizzontale;Pioggia in atto;Normale;Buona;Ore Diurne;0;0;0;0;12.3884;41.9029;-1;2;Autovettura privata;Sosta;;;;;;;
4882107;20;18/04/2020 19:40:00;Provinciale entro l'abitato;VIA BRACCIANENSE;in prossimit�;;del civico n.;1412;;Scontro laterale fra veicoli in marcia;Rettilineo;Una carreggiata a doppio senso;Asciutto;Asfaltata;Orizzontale;Sereno;Scarso;Insufficiente;Inesistente;2;0;0;2;12.2797;42.0333;-1;1;Autovettura privata;In marcia / fermata / arresto;Conducente;F;Illeso;0;;;
4882107;20;18/04/2020 19:40:00;Provinciale entro l'abitato;VIA BRACCIANENSE;in prossimit�;;del civico n.;1412;;Scontro laterale fra veicoli in marcia;Rettilineo;Una carreggiata a doppio senso;Asciutto;Asfaltata;Orizzontale;Sereno;Scarso;Insufficiente;Inesistente;2;0;0;2;12.2797;42.0333;-1;2;Autovettura privata;In marcia / fermata / arresto;Conducente;M;Illeso;0;;Non accertato;Inesploso
4882107;20;18/04/2020 19:40:00;Provinciale entro l'abitato;VIA BRACCIANENSE;in prossimit�;;del civico n.;1412;;Scontro laterale fra veicoli in marcia;Rettilineo;Una carreggiata a doppio senso;Asciutto;Asfaltata;Orizzontale;Sereno;Scarso;Insufficiente;Inesistente;2;0;0;2;12.2797;42.0333;-1;3;Autovettura privata;In marcia / fermata / arresto;Conducente;M;Rimandato;0;NON DECEDUTO;Non accertato;Inesploso
4882107;20;18/04/2020 19:40:00;Provinciale entro l'abitato;VIA BRACCIANENSE;in prossimit�;;del civico n.;1412;;Scontro laterale fra veicoli in marcia;Rettilineo;Una carreggiata a doppio senso;Asciutto;Asfaltata;Orizzontale;Sereno;Scarso;Insufficiente;Inesistente;2;0;0;2;12.2797;42.0333;-1;4;Autovettura privata;In marcia / fermata / arresto;Conducente;M;Rimandato;0;NON DECEDUTO;Non accertato;Inesploso
4882115;19;20/04/2020 10:10:00;Strada Urbana;VIA DI CASAL DEL MARMO;in prossimit�;;del civico n.;401;;Scontro frontale fra veicoli in marcia;Rettilineo;Una carreggiata a doppio senso;Bagnato (pioggia);Asfaltata;Orizzontale;Pioggia in atto;Scarso;Buona;Ore Diurne;2;0;0;0;12.3816;41.9332;-1;1;Autovettura privata;In marcia / fermata / arresto;Conducente;M;Rimandato;0;NON DECEDUTO;;
4882115;19;20/04/2020 10:10:00;Strada Urbana;VIA DI CASAL DEL MARMO;in prossimit�;;del civico n.;401;;Scontro frontale fra veicoli in marcia;Rettilineo;Una carreggiata a doppio senso;Bagnato (pioggia);Asfaltata;Orizzontale;Pioggia in atto;Scarso;Buona;Ore Diurne;2;0;0;0;12.3816;41.9332;-1;2;Autovettura privata;In marcia / fermata / arresto;Conducente;M;Rimandato;0;NON DECEDUTO;;
4882138;19;20/04/2020 07:35:00;Strada Urbana;VIA BERNARDO DA BIBBIENA;da specificare;;;;PROSSIMITA' BEMBO;Tamponamento;Rettilineo;Una carreggiata a senso unico di marcia;Bagnato (pioggia);Asfaltata;Verticale ed orizzontale;Pioggia in atto;Scarso;Buona;Ore Diurne;1;0;0;0;;;0;1;Autovettura privata;In marcia / fermata / arresto;Conducente;F;Rimandato;0;NON DECEDUTO;;
4882138;19;20/04/2020 07:35:00;Strada Urbana;VIA BERNARDO DA BIBBIENA;da specificare;;;;PROSSIMITA' BEMBO;Tamponamento;Rettilineo;Una carreggiata a senso unico di marcia;Bagnato (pioggia);Asfaltata;Verticale ed orizzontale;Pioggia in atto;Scarso;Buona;Ore Diurne;1;0;0;0;;;0;2;Autovettura privata;Allontanatosi;;;;;;;
4882139;20;18/04/2020 05:10:00;Strada Urbana;VIA ANGUILLARESE;in prossimit�;;del civico n.;301;;Veicolo in marcia contro ostacolo accidentale;Rettilineo;Una carreggiata a doppio senso;Asciutto;Asfaltata;Verticale ed orizzontale;Nebbia;Scarso;Buona;Sufficiente;0;0;0;1;12.302;42.0443;-1;1;Autovettura privata;In marcia / fermata / arresto;Conducente;M;Illeso;0;;;
4882203;12;20/04/2020 09:30:00;Provinciale;VIA ARDEATINA;da specificare;;;;prossimit� civico 1452 direzione POMEZIA;Tamponamento Multiplo;Pendenza;Una carreggiata a doppio senso;Bagnato (pioggia);Asfaltata;Verticale ed orizzontale;Pioggia in atto;Scarso;Buona;Ore Diurne;0;0;0;3;12.5255;41.8131;-1;1;Autovettura privata;In marcia / fermata / arresto;Conducente;M;Illeso;0;;Non accertato;Inesploso
4882203;12;20/04/2020 09:30:00;Provinciale;VIA ARDEATINA;da specificare;;;;prossimit� civico 1452 direzione POMEZIA;Tamponamento Multiplo;Pendenza;Una carreggiata a doppio senso;Bagnato (pioggia);Asfaltata;Verticale ed orizzontale;Pioggia in atto;Scarso;Buona;Ore Diurne;0;0;0;3;12.5255;41.8131;-1;2;Autovettura privata;In marcia / fermata / arresto;Conducente;M;Illeso;0;;Non accertato;Inesploso
4882203;12;20/04/2020 09:30:00;Provinciale;VIA ARDEATINA;da specificare;;;;prossimit� civico 1452 direzione POMEZIA;Tamponamento Multiplo;Pendenza;Una carreggiata a doppio senso;Bagnato (pioggia);Asfaltata;Verticale ed orizzontale;Pioggia in atto;Scarso;Buona;Ore Diurne;0;0;0;3;12.5255;41.8131;-1;3;Autocarro inferiore 35 q.;In marcia / fermata / arresto;Conducente;M;Illeso;0;;Non accertato;Esploso
4882334;11;20/04/2020 10:20:00;Strada Urbana;VIA APPIA ANTICA;in corrispondenza;;del civico n.;61;;Investimento di pedone;Rettilineo;Una carreggiata a senso unico di marcia;Bagnato (pioggia);Lastricata;Assente;Pioggia in atto;Scarso;Buona;Ore Diurne;0;0;0;2;12.5054;41.8657;-1;;;;Pedone;F;Illeso;0;;;
4882334;11;20/04/2020 10:20:00;Strada Urbana;VIA APPIA ANTICA;in corrispondenza;;del civico n.;61;;Investimento di pedone;Rettilineo;Una carreggiata a senso unico di marcia;Bagnato (pioggia);Lastricata;Assente;Pioggia in atto;Scarso;Buona;Ore Diurne;0;0;0;2;12.5054;41.8657;-1;1;Autovettura privata;In marcia / fermata / arresto;Conducente;M;Illeso;0;;;
4882600;15;20/04/2020 18:15:00;Strada Urbana;VIA DEL MONTE DELLE CAPRE;da specificare;;;;fronte civico 42C;Veicolo in marcia contro veicoli in sosta;Rettilineo;Una carreggiata a doppio senso;Bagnato (pioggia);Asfaltata;Verticale ed orizzontale;Pioggia in atto;Scarso;Sufficiente;Ore Diurne;0;0;0;1;12.4317;41.845;-1;1;Autovettura privata;In marcia / fermata / arresto;Conducente;M;Illeso;0;;Utilizzato;Inesploso
4882600;15;20/04/2020 18:15:00;Strada Urbana;VIA DEL MONTE DELLE CAPRE;da specificare;;;;fronte civico 42C;Veicolo in marcia contro veicoli in sosta;Rettilineo;Una carreggiata a doppio senso;Bagnato (pioggia);Asfaltata;Verticale ed orizzontale;Pioggia in atto;Scarso;Sufficiente;Ore Diurne;0;0;0;1;12.4317;41.845;-1;2;Autovettura privata;Sosta;;;;;;;
4882624;8;20/04/2020 12:00:00;Strada Urbana;VIA COLLATINA;in corrispondenza;;del civico n.;661;;Veicolo in marcia contro ostacolo fisso;Curva senza visuale libera;Una carreggiata a doppio senso;Bagnato (pioggia);Asfaltata;Verticale ed orizzontale;Pioggia in atto;Normale;Sufficiente;Ore Diurne;0;0;0;1;12.6409;41.9116;-1;1;Autovettura privata;In marcia / fermata / arresto;Conducente;M;Illeso;0;;;Esploso
4882641;8;20/04/2020 14:25:00;Strada Urbana;VIA ANDREA NOALE;in prossimit�;;del palo luce n.;1;;Infortunio per sola frenata improvvisa;Curva a visuale libera;Una carreggiata a doppio senso;Bagnato (pioggia);Asfaltata;Verticale ed orizzontale;Pioggia in atto;Normale;Buona;Ore Diurne;1;0;0;0;12.6243;41.9154;-1;1;Motociclo a solo;In marcia / fermata / arresto;Conducente;M;Rifiuta cure immediate;0;NON DECEDUTO;;
4882674;6;21/04/2020 06:30:00;Strada Urbana;PIAZZALE PRENESTINO;da specificare;;;;fronte civ. 35;Scontro laterale fra veicoli in marcia;Rettilineo;Una carreggiata a senso unico di marcia;Asciutto;Asfaltata;Orizzontale;Nuvoloso;Scarso;Buona;Ore Diurne;0;0;0;2;12.5265;41.891;-1;1;Autovettura pubblica;In marcia / fermata / arresto;Conducente;M;Illeso;0;;Non accertato;Inesploso
4882674;6;21/04/2020 06:30:00;Strada Urbana;PIAZZALE PRENESTINO;da specificare;;;;fronte civ. 35;Scontro laterale fra veicoli in marcia;Rettilineo;Una carreggiata a senso unico di marcia;Asciutto;Asfaltata;Orizzontale;Nuvoloso;Scarso;Buona;Ore Diurne;0;0;0;2;12.5265;41.891;-1;2;Autovettura privata;In marcia / fermata / arresto;Conducente;M;Illeso;0;;Non accertato;Inesploso
4882674;6;21/04/2020 06:30:00;Strada Urbana;PIAZZALE PRENESTINO;da specificare;;;;fronte civ. 35;Scontro laterale fra veicoli in marcia;Rettilineo;Una carreggiata a senso unico di marcia;Asciutto;Asfaltata;Orizzontale;Nuvoloso;Scarso;Buona;Ore Diurne;0;0;0;2;12.5265;41.891;-1;3;Autovettura privata;Sosta;;;;;;;
4882696;8;20/04/2020 11:30:00;Strada Urbana;VIALE DUILIO CAMBELLOTTI;da specificare;;;;prossimit� sottopasso Stazione Metro C- Torre Ange;Veicolo in marcia contro ostacolo fisso;Pendenza;Una carreggiata a senso unico di marcia;Bagnato (pioggia);Asfaltata;Verticale ed orizzontale;Pioggia in atto;Scarso;Buona;Ore Diurne;0;0;0;1;12.6297;41.8674;-1;1;Autovettura privata;In marcia / fermata / arresto;Conducente;F;Illeso;0;;;
4882731;20;20/04/2020 17:45:00;Strada Urbana;VIALE DI TOR DI QUINTO;in prossimit�;;del civico n.;177;;Fuoriuscita dalla sede stradale;Curva senza visuale libera;Due carreggiate;Bagnato (pioggia);Asfaltata;Verticale ed orizzontale;Pioggia in atto;Scarso;Buona;Ore Diurne;0;0;0;1;12.4844;41.9504;-1;1;Autocarro inferiore 35 q.;In marcia / fermata / arresto;Conducente;M;Illeso;0;;;
4882744;10;20/04/2020 08:00:00;Strada Urbana;VIALE GIULIO AGRICOLA;all'intersezione con;VIA MARCO VALERIO CORVO;VIA MARCO VALERIO CORVO;;;Scontro frontale/laterale SX fra veicoli in marcia;Incrocio;Due carreggiate;Bagnato (pioggia);Asfaltata;Verticale ed orizzontale;Pioggia in atto;Scarso;Buona;Ore Diurne;1;0;0;1;12.5614;41.8558;-1;1;Autovettura privata;In marcia / fermata / arresto;Conducente;M;Illeso;0;;Non accertato;Esploso
4882744;10;20/04/2020 08:00:00;Strada Urbana;VIALE GIULIO AGRICOLA;all'intersezione con;VIA MARCO VALERIO CORVO;VIA MARCO VALERIO CORVO;;;Scontro frontale/laterale SX fra veicoli in marcia;Incrocio;Due carreggiate;Bagnato (pioggia);Asfaltata;Verticale ed orizzontale;Pioggia in atto;Scarso;Buona;Ore Diurne;1;0;0;1;12.5614;41.8558;-1;2;Autovettura privata;In marcia / fermata / arresto;Conducente;F;Rimandato;0;NON DECEDUTO;Non accertato;Esploso
4882747;5;20/04/2020 08:50:00;Strada Urbana;VIALE KANT;all'intersezione con;VIA CARLO GIUSEPPE BERTERO;VIA CARLO GIUSEPPE BERTERO;;;Veicolo in marcia contro ostacolo fisso;Incrocio;Due carreggiate;Bagnato (pioggia);Asfaltata;Verticale ed orizzontale;Pioggia in atto;Scarso;Buona;Ore Diurne;0;0;0;1;12.5554;41.9329;-1;1;Autovettura privata;In marcia / fermata / arresto;Conducente;M;Illeso;0;;;
4882765;5;20/04/2020 11:00:00;Strada Urbana;VIA TIBURTINA;da specificare;;;;prossimit� via di S. Alessandro;Scontro laterale fra veicoli in marcia;Rettilineo;Una carreggiata a doppio senso;Bagnato (pioggia);Asfaltata;Verticale ed orizzontale;Pioggia in atto;Scarso;Sufficiente;Ore Diurne;0;0;0;2;12.603;41.9338;-1;1;Autocarro inferiore 35 q.;In marcia / fermata / arresto;Conducente;M;Illeso;0;;;
4882765;5;20/04/2020 11:00:00;Strada Urbana;VIA TIBURTINA;da specificare;;;;prossimit� via di S. Alessandro;Scontro laterale fra veicoli in marcia;Rettilineo;Una carreggiata a doppio senso;Bagnato (pioggia);Asfaltata;Verticale ed orizzontale;Pioggia in atto;Scarso;Sufficiente;Ore Diurne;0;0;0;2;12.603;41.9338;-1;2;Autocarro inferiore 35 q.;In marcia / fermata / arresto;Conducente;M;Illeso;0;;;
4882767;20;20/04/2020 10:30:00;Regionale;VIA FLAMINIA NUOVA;da specificare;;;;altezza sottopasso Euclide direzione Roma centro;Veicolo in marcia contro ostacolo fisso;Curva senza visuale libera;Due carreggiate;Bagnato (pioggia);Asfaltata;Verticale ed orizzontale;Pioggia in atto;Scarso;Buona;Ore Diurne;0;0;0;1;12.4792;41.9609;-1;1;Autovettura privata;In marcia / fermata / arresto;Conducente;M;Illeso;0;;;
4882812;15;21/04/2020 00:45:00;Strada Urbana;VIA DI DONNA OLIMPIA;all'intersezione con;VIA FEDERICO OZANAM;VIA FEDERICO OZANAM;;;Veicolo in marcia contro ostacolo accidentale;Incrocio;Una carreggiata a doppio senso;Bagnato (pioggia);Asfaltata;Verticale ed orizzontale;Pioggia in atto;Scarso;Sufficiente;Sufficiente;0;0;0;1;12.4536;41.8766;-1;1;Altro;In marcia / fermata / arresto;Conducente;M;Illeso;0;;Non accertato;
4882816;19;20/04/2020 12:15:00;Strada Urbana;VIA DIANO MARINA;all'intersezione con;VIA COGOLETO;VIA COGOLETO;;;Tamponamento Multiplo;Incrocio;Una carreggiata a senso unico di marcia;Bagnato (pioggia);Asfaltata;Verticale ed orizzontale;Pioggia in atto;Normale;Buona;Ore Diurne;1;0;0;3;12.4231;41.9269;-1;1;Autovettura privata;In marcia / fermata / arresto;Conducente;M;Illeso;0;;;
4882816;19;20/04/2020 12:15:00;Strada Urbana;VIA DIANO MARINA;all'intersezione con;VIA COGOLETO;VIA COGOLETO;;;Tamponamento Multiplo;Incrocio;Una carreggiata a senso unico di marcia;Bagnato (pioggia);Asfaltata;Verticale ed orizzontale;Pioggia in atto;Normale;Buona;Ore Diurne;1;0;0;3;12.4231;41.9269;-1;1;Autovettura privata;In marcia / fermata / arresto;Passeggero;M;Rimandato;0;NON DECEDUTO;;
4882816;19;20/04/2020 12:15:00;Strada Urbana;VIA DIANO MARINA;all'intersezione con;VIA COGOLETO;VIA COGOLETO;;;Tamponamento Multiplo;Incrocio;Una carreggiata a senso unico di marcia;Bagnato (pioggia);Asfaltata;Verticale ed orizzontale;Pioggia in atto;Normale;Buona;Ore Diurne;1;0;0;3;12.4231;41.9269;-1;2;Autovettura privata;In marcia / fermata / arresto;Conducente;F;Illeso;0;;;
4882816;19;20/04/2020 12:15:00;Strada Urbana;VIA DIANO MARINA;all'intersezione con;VIA COGOLETO;VIA COGOLETO;;;Tamponamento Multiplo;Incrocio;Una carreggiata a senso unico di marcia;Bagnato (pioggia);Asfaltata;Verticale ed orizzontale;Pioggia in atto;Normale;Buona;Ore Diurne;1;0;0;3;12.4231;41.9269;-1;3;Autovettura privata;In marcia / fermata / arresto;Conducente;M;Illeso;0;;;
4882824;20;20/04/2020 14:05:00;Strada Urbana;VIA DELLA CAMILLUCCIA;in prossimit�;;del civico n.;495;;Scontro laterale fra veicoli in marcia;Curva a visuale libera;Una carreggiata a doppio senso;Bagnato (pioggia);Asfaltata;Verticale ed orizzontale;Pioggia in atto;Scarso;Buona;Ore Diurne;1;0;0;2;12.4449;41.941;-1;1;Autovettura privata;In marcia / fermata / arresto;Conducente;M;Illeso;0;;Non accertato;Esploso
4882824;20;20/04/2020 14:05:00;Strada Urbana;VIA DELLA CAMILLUCCIA;in prossimit�;;del civico n.;495;;Scontro laterale fra veicoli in marcia;Curva a visuale libera;Una carreggiata a doppio senso;Bagnato (pioggia);Asfaltata;Verticale ed orizzontale;Pioggia in atto;Scarso;Buona;Ore Diurne;1;0;0;2;12.4449;41.941;-1;2;Autovettura privata;In marcia / fermata / arresto;Conducente;M;Illeso;0;;;
4882824;20;20/04/2020 14:05:00;Strada Urbana;VIA DELLA CAMILLUCCIA;in prossimit�;;del civico n.;495;;Scontro laterale fra veicoli in marcia;Curva a visuale libera;Una carreggiata a doppio senso;Bagnato (pioggia);Asfaltata;Verticale ed orizzontale;Pioggia in atto;Scarso;Buona;Ore Diurne;1;0;0;2;12.4449;41.941;-1;3;Autovettura privata;In marcia / fermata / arresto;Conducente;M;Rimandato;0;NON DECEDUTO;;
4882836;17;20/04/2020 13:30:00;Strada Urbana;PIAZZA DELLA LIBERTA';da specificare;;;;prossimit� via Cola di Rienzo fronte palo luce 16;Veicolo in marcia contro ostacolo fisso;Rettilineo;Una carreggiata a senso unico di marcia;Bagnato (pioggia);In cubetti di porfido;Verticale ed orizzontale;Pioggia in atto;Scarso;Buona;Ore Diurne;0;0;0;1;;;0;1;Autovettura privata;In marcia / fermata / arresto;Conducente;F;Illeso;0;;;
4882837;19;20/04/2020 13:30:00;Strada Urbana;VIA TRIONFALE;in prossimit�;;del civico n.;7585;;Veicolo in marcia contro ostacolo fisso;Curva senza visuale libera;Una carreggiata a senso unico di marcia;Bagnato (pioggia);Asfaltata;Verticale ed orizzontale;Pioggia in atto;Scarso;Buona;Ore Diurne;0;0;0;1;12.4335;41.9345;-1;1;Autovettura privata;In marcia / fermata / arresto;Conducente;M;Illeso;0;;;