Protocollo;Gruppo;DataOraIncidente;Localizzazione1;STRADA1;Localizzazione2;STRADA2;Strada02;Chilometrica;DaSpecificare;NaturaIncidente;particolaritastrade;TipoStrada;FondoStradale;Pavimentazione;Segnaletica;CondizioneAtmosferica;Traffico;Visibilita;Illuminazione;NUM_FERITI;NUM_RISERVATA;NUM_MORTI;NUM_ILLESI;Longitudine;Latitudine;Confermato;Progressivo;TipoVeicolo;StatoVeicolo;TipoPersona;Sesso;Tipolesione;Deceduto;DecedutoDopo;CinturaCascoUtilizzato;Airbag;
4889486;1;27/04/2020 10:10:00;Strada Urbana;LUNGOTEVERE AVENTINO;in prossimit�;;del palo luce n.;10;;Infortunio per sola frenata improvvisa;Rettilineo;Una carreggiata a senso unico di marcia;Asciutto;Asfaltata;Verticale ed orizzontale;Sereno;Scarso;Buona;Ore Diurne;1;0;0;1;12.479;41.8855;-1;1;Autovettura privata;In marcia / fermata / arresto;Conducente;M;Illeso;0;;;
4889486;1;27/04/2020 10:10:00;Strada Urbana;LUNGOTEVERE AVENTINO;in prossimit�;;del palo luce n.;10;;Infortunio per sola frenata improvvisa;Rettilineo;Una carreggiata a senso unico di marcia;Asciutto;Asfaltata;Verticale ed orizzontale;Sereno;Scarso;Buona;Ore Diurne;1;0;0;1;12.479;41.8855;-1;2;Ciclomotore;In marcia / fermata / arresto;Conducente;M;Rimandato;0;NON DECEDUTO;;
4889668;12;24/04/2020 20:30:00;Provinciale;VIA PONTINA;da specificare;;;;direzione ROMA Km 24,500;Veicolo in marcia contro ostacolo accidentale;Rettilineo;Due carreggiate;Asciutto;Asfaltata;Verticale ed orizzontale;Sereno;Scarso;Insufficiente;Inesistente;0;0;0;1;12.4522;41.7941;-1;1;Autovettura privata;In marcia / fermata / arresto;Conducente;M;Illeso;0;;Non accertato;Inesploso
4889672;23;26/04/2020 15:05:00;Strada Urbana;VIALE MARESCIALLO PILSUDSKI;in corrispondenza;;del civico n.;42;;Veicolo in marcia contro veicoli in sosta;Rettilineo;Una carreggiata a doppio senso;Asciutto;Asfaltata;Verticale ed orizzontale;Sereno;Scarso;Buona;Ore Diurne;0;0;0;1;12.4764;41.9281;-1;1;Autovettura privata;In marcia / fermata / arresto;Conducente;M;Illeso;0;;Non accertato;Inesploso
4889672;23;26/04/2020 15:05:00;Strada Urbana;VIALE MARESCIALLO PILSUDSKI;in corrispondenza;;del civico n.;42;;Veicolo in marcia contro veicoli in sosta;Rettilineo;Una carreggiata a doppio senso;Asciutto;Asfaltata;Verticale ed orizzontale;Sereno;Scarso;Buona;Ore Diurne;0;0;0;1;12.4764;41.9281;-1;2;Autovettura di polizia;Sosta;;;;;;;
4889675;12;24/04/2020 20:31:00;Statale;VIA PONTINA;in corrispondenza;;della chilometrica;24.5;;Veicolo in marcia contro ostacolo accidentale;Curva a visuale libera;Una carreggiata a senso unico di marcia;Asciutto;Asfaltata;Verticale ed orizzontale;Sereno;Scarso;Sufficiente;Inesistente;0;0;0;2;12.4522;41.7941;-1;1;Autovettura privata;In marcia / fermata / arresto;Conducente;M;Illeso;0;;Non accertato;Inesploso
4889675;12;24/04/2020 20:31:00;Statale;VIA PONTINA;in corrispondenza;;della chilometrica;24.5;;Veicolo in marcia contro ostacolo accidentale;Curva a visuale libera;Una carreggiata a senso unico di marcia;Asciutto;Asfaltata;Verticale ed orizzontale;Sereno;Scarso;Sufficiente;Inesistente;0;0;0;2;12.4522;41.7941;-1;1;Autovettura privata;In marcia / fermata / arresto;Passeggero;M;Illeso;0;;Utilizzato;Inesploso
4889868;19;26/04/2020 19:15:00;Strada Urbana;VIA COGOLETO;in prossimit�;;del civico n.;10;;Veicolo in marcia contro veicolo in sosta;Rettilineo;Una carreggiata a doppio senso;Asciutto;Asfaltata;Assente;Sereno;Scarso;Buona;Ore Diurne;0;0;0;0;12.4225;41.9306;-1;2;Autovettura privata;Sosta;;;;;;;
4889876;19;27/04/2020 09:30:00;Strada Urbana;VIA VINCENZO VIARA DE RICCI;in prossimit�;;del civico n.;2;;Veicolo in marcia contro veicolo in sosta;Rettilineo;Una carreggiata a senso unico di marcia;Asciutto;Asfaltata;Verticale ed orizzontale;Sereno;Scarso;Buona;Ore Diurne;0;0;0;0;12.4151;41.9265;-1;2;Autovettura privata;Sosta;;;;;;;
4889881;19;27/04/2020 10:15:00;Strada Urbana;VIA DEL FORTE TRIONFALE;all'intersezione con;VIA PIEVE DI CADORE;VIA PIEVE DI CADORE;;;Scontro frontale/laterale DX fra veicoli in marcia;Incrocio;Una carreggiata a doppio senso;Asciutto;Asfaltata;Verticale ed orizzontale;Sereno;Normale;Buona;Ore Diurne;0;0;0;2;12.4325;41.9382;-1;1;Autovettura privata;In marcia / fermata / arresto;Conducente;F;Illeso;0;;;
4889881;19;27/04/2020 10:15:00;Strada Urbana;VIA DEL FORTE TRIONFALE;all'intersezione con;VIA PIEVE DI CADORE;VIA PIEVE DI CADORE;;;Scontro frontale/laterale DX fra veicoli in marcia;Incrocio;Una carreggiata a doppio senso;Asciutto;Asfaltata;Verticale ed orizzontale;Sereno;Normale;Buona;Ore Diurne;0;0;0;2;12.4325;41.9382;-1;2;Motociclo a solo;In marcia / fermata / arresto;Conducente;M;Illeso;0;;;
4889882;16;24/04/2020 19:20:00;Strada Urbana;LARGO BERNARDINO DA FELTRE;all'intersezione con;VIALE DELLE MURA PORTUENSI;VIALE DELLE MURA PORTUENSI;;;Scontro frontale/laterale SX fra veicoli in marcia;Incrocio;Una carreggiata a doppio senso;Asciutto;Asfaltata;Verticale ed orizzontale;Sereno;Scarso;Buona;Ore Diurne;2;0;0;1;12.4698;41.8838;-1;1;Autovettura privata;In marcia / fermata / arresto;Conducente;M;Illeso;0;;Non accertato;Inesploso
4889882;16;24/04/2020 19:20:00;Strada Urbana;LARGO BERNARDINO DA FELTRE;all'intersezione con;VIALE DELLE MURA PORTUENSI;VIALE DELLE MURA PORTUENSI;;;Scontro frontale/laterale SX fra veicoli in marcia;Incrocio;Una carreggiata a doppio senso;Asciutto;Asfaltata;Verticale ed orizzontale;Sereno;Scarso;Buona;Ore Diurne;2;0;0;1;12.4698;41.8838;-1;2;Motociclo con passeggero;In marcia / fermata / arresto;Conducente;M;Rimandato;0;NON DECEDUTO;Non accertato;
4889882;16;24/04/2020 19:20:00;Strada Urbana;LARGO BERNARDINO DA FELTRE;all'intersezione con;VIALE DELLE MURA PORTUENSI;VIALE DELLE MURA PORTUENSI;;;Scontro frontale/laterale SX fra veicoli in marcia;Incrocio;Una carreggiata a doppio senso;Asciutto;Asfaltata;Verticale ed orizzontale;Sereno;Scarso;Buona;Ore Diurne;2;0;0;1;12.4698;41.8838;-1;2;Motociclo con passeggero;In marcia / fermata / arresto;Passeggero;M;Rimandato;0;NON DECEDUTO;Non accertato;
4889889;13;27/04/2020 18:15:00;Strada Urbana;VIALE ALESSANDRO MAGNO;all'intersezione con;VIA DI CASAL PALOCCO;VIA DI CASAL PALOCCO;;;Scontro frontale/laterale DX fra veicoli in marcia;Incrocio;Due carreggiate;Asciutto;Asfaltata;Verticale ed orizzontale;Sereno;Normale;Buona;Ore Diurne;0;0;0;2;12.3529;41.749;-1;1;Autovettura privata;In marcia / fermata / arresto;Conducente;M;Illeso;0;;Non accertato;Inesploso
4889889;13;27/04/2020 18:15:00;Strada Urbana;VIALE ALESSANDRO MAGNO;all'intersezione con;VIA DI CASAL PALOCCO;VIA DI CASAL PALOCCO;;;Scontro frontale/laterale DX fra veicoli in marcia;Incrocio;Due carreggiate;Asciutto;Asfaltata;Verticale ed orizzontale;Sereno;Normale;Buona;Ore Diurne;0;0;0;2;12.3529;41.749;-1;2;Autovettura privata;In marcia / fermata / arresto;Conducente;M;Illeso;0;;Non accertato;Inesploso
4889893;16;24/04/2020 15:55:00;Strada Urbana;VIA ANDREA BUSIRI VICI;all'intersezione con;VIALE DEI QUATTRO VENTI;VIALE DEI QUATTRO VENTI;;;Scontro frontale/laterale SX fra veicoli in marcia;Incrocio;Una carreggiata a senso unico di marcia;Asciutto;Lastricata;Verticale ed orizzontale;Sereno;Scarso;Buona;;1;0;0;1;12.4577;41.8827;-1;1;Motociclo a solo;In marcia / fermata / arresto;Conducente;M;Rimandato;0;NON DECEDUTO;Non accertato;
4889893;16;24/04/2020 15:55:00;Strada Urbana;VIA ANDREA BUSIRI VICI;all'intersezione con;VIALE DEI QUATTRO VENTI;VIALE DEI QUATTRO VENTI;;;Scontro frontale/laterale SX fra veicoli in marcia;Incrocio;Una carreggiata a senso unico di marcia;Asciutto;Lastricata;Verticale ed orizzontale;Sereno;Scarso;Buona;;1;0;0;1;12.4577;41.8827;-1;2;Autovettura privata;In marcia / fermata / arresto;Conducente;F;Illeso;0;;Non accertato;Inesploso
4889967;5;27/04/2020 16:45:00;Strada Urbana;VIA FILIPPO MEDA;all'intersezione con;VIA ACHILLE BENEDETTI;VIA ACHILLE BENEDETTI;;;Scontro frontale/laterale SX fra veicoli in marcia;Intersezione stradale segnalata;Una carreggiata a doppio senso;Asciutto;Asfaltata;Verticale ed orizzontale;Sereno;Scarso;Buona;Ore Diurne;0;0;0;2;12.5436;41.9132;-1;1;Autocarro inferiore 35 q.;In marcia / fermata / arresto;Conducente;M;Illeso;0;;Non accertato;Inesploso
4889967;5;27/04/2020 16:45:00;Strada Urbana;VIA FILIPPO MEDA;all'intersezione con;VIA ACHILLE BENEDETTI;VIA ACHILLE BENEDETTI;;;Scontro frontale/laterale SX fra veicoli in marcia;Intersezione stradale segnalata;Una carreggiata a doppio senso;Asciutto;Asfaltata;Verticale ed orizzontale;Sereno;Scarso;Buona;Ore Diurne;0;0;0;2;12.5436;41.9132;-1;2;Autovettura privata;In marcia / fermata / arresto;Conducente;F;Illeso;0;;Non accertato;Inesploso
4889968;5;27/04/2020 17:45:00;Strada Urbana;VIA DI GROTTA DI GREGNA;da specificare;;;;fronte civico 37;Veicolo in marcia contro veicolo in sosta;Rettilineo;Una carreggiata a doppio senso;Asciutto;Asfaltata;Verticale ed orizzontale;Sereno;Scarso;Buona;Ore Diurne;0;0;0;1;12.5645;41.9139;-1;1;Autovettura privata;In marcia / fermata / arresto;Conducente;F;Illeso;0;;Non accertato;Inesploso
4889968;5;27/04/2020 17:45:00;Strada Urbana;VIA DI GROTTA DI GREGNA;da specificare;;;;fronte civico 37;Veicolo in marcia contro veicolo in sosta;Rettilineo;Una carreggiata a doppio senso;Asciutto;Asfaltata;Verticale ed orizzontale;Sereno;Scarso;Buona;Ore Diurne;0;0;0;1;12.5645;41.9139;-1;2;Autovettura privata;Sosta;;;;;;;
4889969;8;27/04/2020 19:40:00;Strada Urbana;VIALE FRANCESCO CALTAGIRONE;all'intersezione con;VIA UGO GIOVANNOZZI;VIA UGO GIOVANNOZZI;;;Scontro laterale fra veicoli in marcia;Intersezione non regolata/non segnalata;Una carreggiata a senso unico di marcia;Asciutto;Asfaltata;Verticale ed orizzontale;Sereno;Scarso;Buona;Sufficiente;0;0;0;2;12.6526;41.9116;-1;1;Autovettura privata;In marcia / fermata / arresto;Conducente;M;Illeso;0;;Non accertato;Inesploso
4889969;8;27/04/2020 19:40:00;Strada Urbana;VIALE FRANCESCO CALTAGIRONE;all'intersezione con;VIA UGO GIOVANNOZZI;VIA UGO GIOVANNOZZI;;;Scontro laterale fra veicoli in marcia;Intersezione non regolata/non segnalata;Una carreggiata a senso unico di marcia;Asciutto;Asfaltata;Verticale ed orizzontale;Sereno;Scarso;Buona;Sufficiente;0;0;0;2;12.6526;41.9116;-1;2;Autovettura privata;In marcia / fermata / arresto;Conducente;M;Illeso;0;;Non accertato;Inesploso
4889970;8;27/04/2020 21:20:00;Statale entro l'abitato;VIA CASILINA;all'intersezione con;VIA DELLA MASSA CALCIANA;VIA DELLA MASSA CALCIANA;;;Tamponamento;Passaggio a livello (custodito);Una carreggiata a doppio senso;Asciutto;Asfaltata;Verticale ed orizzontale;Sereno;Scarso;Buona;Sufficiente;0;0;0;2;12.6212;41.8626;-1;1;Autovettura privata;In marcia / fermata / arresto;Conducente;M;Illeso;0;;;
4889970;8;27/04/2020 21:20:00;Statale entro l'abitato;VIA CASILINA;all'intersezione con;VIA DELLA MASSA CALCIANA;VIA DELLA MASSA CALCIANA;;;Tamponamento;Passaggio a livello (custodito);Una carreggiata a doppio senso;Asciutto;Asfaltata;Verticale ed orizzontale;Sereno;Scarso;Buona;Sufficiente;0;0;0;2;12.6212;41.8626;-1;2;Autovettura privata;In marcia / fermata / arresto;Conducente;M;Illeso;0;;;
4889972;8;28/04/2020 09:10:00;Strada Urbana;VIA CASILINA;da specificare;;;;FRONTE PALO LUCE ACEA 689;Tamponamento;Rettilineo;Una carreggiata a doppio senso;Bagnato (pioggia);Asfaltata;Verticale ed orizzontale;Nuvoloso;Normale;Buona;Ore Diurne;1;0;0;1;12.6212;41.8626;-1;1;Autovettura privata;In marcia / fermata / arresto;Conducente;M;Rimandato;0;NON DECEDUTO;Non accertato;
4889972;8;28/04/2020 09:10:00;Strada Urbana;VIA CASILINA;da specificare;;;;FRONTE PALO LUCE ACEA 689;Tamponamento;Rettilineo;Una carreggiata a doppio senso;Bagnato (pioggia);Asfaltata;Verticale ed orizzontale;Nuvoloso;Normale;Buona;Ore Diurne;1;0;0;1;12.6212;41.8626;-1;2;Autocarro inferiore 35 q.;In marcia / fermata / arresto;Conducente;M;Illeso;0;;;
4889973;8;27/04/2020 09:30:00;Strada Urbana;VIA MASSA DI SAN GIULIANO;in corrispondenza;;del civico n.;275;;Scontro laterale fra veicoli in marcia;Rettilineo;Una carreggiata a doppio senso;Asciutto;Asfaltata;Verticale ed orizzontale;Sereno;Normale;Buona;Ore Diurne;0;0;0;2;12.6919;41.9057;-1;1;Autovettura privata;In marcia / fermata / arresto;Conducente;M;Illeso;0;;Non accertato;Inesploso
4889973;8;27/04/2020 09:30:00;Strada Urbana;VIA MASSA DI SAN GIULIANO;in corrispondenza;;del civico n.;275;;Scontro laterale fra veicoli in marcia;Rettilineo;Una carreggiata a doppio senso;Asciutto;Asfaltata;Verticale ed orizzontale;Sereno;Normale;Buona;Ore Diurne;0;0;0;2;12.6919;41.9057;-1;2;Autovettura privata;In marcia / fermata / arresto;Conducente;M;Illeso;0;;Non accertato;Inesploso
4890207;13;27/04/2020 11:40:00;Strada Urbana;VIALE DEI PROMONTORI;all'intersezione con;VIA DIEGO SIMONETTI;VIA DIEGO SIMONETTI;;;Scontro laterale fra veicoli in marcia;Incrocio;Due carreggiate;Asciutto;Asfaltata;Orizzontale;Sereno;Scarso;Buona;Ore Diurne;0;0;0;2;12.2934;41.7369;-1;1;Autovettura privata;In marcia / fermata / arresto;Conducente;F;Illeso;0;;Non accertato;Inesploso
4890207;13;27/04/2020 11:40:00;Strada Urbana;VIALE DEI PROMONTORI;all'intersezione con;VIA DIEGO SIMONETTI;VIA DIEGO SIMONETTI;;;Scontro laterale fra veicoli in marcia;Incrocio;Due carreggiate;Asciutto;Asfaltata;Orizzontale;Sereno;Scarso;Buona;Ore Diurne;0;0;0;2;12.2934;41.7369;-1;2;Autovettura privata;In marcia / fermata / arresto;Conducente;M;Illeso;0;;Non accertato;Inesploso
4890221;15;27/04/2020 18:30:00;Strada Urbana;VIALE GAETANO ARTURO CROCCO;all'intersezione con;VIA KIICIRO TOYODA;VIA KIICIRO TOYODA;;;Veicolo in marcia contro ostacolo accidentale;Intersezione non regolata/non segnalata;Una carreggiata a doppio senso;Asciutto;Asfaltata;Verticale ed orizzontale;Sereno;Scarso;Buona;Ore Diurne;1;0;0;0;12.3964;41.8239;-1;1;Velocipede;In marcia / fermata / arresto;Conducente;M;Ricoverato;0;NON DECEDUTO;Esente;
4890226;20;27/04/2020 09:15:00;Statale entro l'abitato;VIA CASSIA;all'intersezione con;VIALE CORTINA D'AMPEZZO;VIALE CORTINA D'AMPEZZO;;;Tamponamento;Intersezione stradale segnalata;Una carreggiata a doppio senso;Asciutto;Asfaltata;Verticale ed orizzontale;Sereno;Normale;Buona;Ore Diurne;0;0;0;2;12.4137;41.9828;-1;1;Motociclo a solo;In marcia / fermata / arresto;Conducente;M;Illeso;0;;Non accertato;
4890226;20;27/04/2020 09:15:00;Statale entro l'abitato;VIA CASSIA;all'intersezione con;VIALE CORTINA D'AMPEZZO;VIALE CORTINA D'AMPEZZO;;;Tamponamento;Intersezione stradale segnalata;Una carreggiata a doppio senso;Asciutto;Asfaltata;Verticale ed orizzontale;Sereno;Normale;Buona;Ore Diurne;0;0;0;2;12.4137;41.9828;-1;2;Autovettura privata;In marcia / fermata / arresto;Conducente;M;Illeso;0;;Non accertato;
4890272;17;27/04/2020 07:03:00;Strada Urbana;VIA CRESCENZIO;in corrispondenza;;del civico n.;63;;Veicolo in marcia contro ostacolo fisso;Rettilineo;Una carreggiata a doppio senso;Asciutto;In cubetti di porfido;Verticale ed orizzontale;Sereno;Scarso;Buona;Ore Diurne;0;0;0;1;12.463;41.9057;-1;1;Autovettura privata;Sosta;;;;;;;
4890272;17;27/04/2020 07:03:00;Strada Urbana;VIA CRESCENZIO;in corrispondenza;;del civico n.;63;;Veicolo in marcia contro ostacolo fisso;Rettilineo;Una carreggiata a doppio senso;Asciutto;In cubetti di porfido;Verticale ed orizzontale;Sereno;Scarso;Buona;Ore Diurne;0;0;0;1;12.463;41.9057;-1;2;Autovettura privata;Sosta;;;;;;;
4890272;17;27/04/2020 07:03:00;Strada Urbana;VIA CRESCENZIO;in corrispondenza;;del civico n.;63;;Veicolo in marcia contro ostacolo fisso;Rettilineo;Una carreggiata a doppio senso;Asciutto;In cubetti di porfido;Verticale ed orizzontale;Sereno;Scarso;Buona;Ore Diurne;0;0;0;1;12.463;41.9057;-1;3;Autovettura privata;Sosta;;;;;;;
4890272;17;27/04/2020 07:03:00;Strada Urbana;VIA CRESCENZIO;in corrispondenza;;del civico n.;63;;Veicolo in marcia contro ostacolo fisso;Rettilineo;Una carreggiata a doppio senso;Asciutto;In cubetti di porfido;Verticale ed orizzontale;Sereno;Scarso;Buona;Ore Diurne;0;0;0;1;12.463;41.9057;-1;4;Autobus di linea;In marcia / fermata / arresto;Conducente;M;Illeso;0;;;
4890338;20;27/04/2020 12:30:00;Provinciale;VIA BRACCIANENSE;in prossimit�;;del civico n.;301;;Scontro laterale fra veicoli in marcia;Curva senza visuale libera;Una carreggiata a doppio senso;Asciutto;Asfaltata;Verticale ed orizzontale;Sereno;Scarso;Buona;Ore Diurne;0;0;0;2;12.3517;42.0186;-1;1;Autovettura privata;In marcia / fermata / arresto;Conducente;M;Illeso;0;;;
4890338;20;27/04/2020 12:30:00;Provinciale;VIA BRACCIANENSE;in prossimit�;;del civico n.;301;;Scontro laterale fra veicoli in marcia;Curva senza visuale libera;Una carreggiata a doppio senso;Asciutto;Asfaltata;Verticale ed orizzontale;Sereno;Scarso;Buona;Ore Diurne;0;0;0;2;12.3517;42.0186;-1;2;Autovettura privata;In marcia / fermata / arresto;Conducente;F;Illeso;0;;;
4890350;6;27/04/2020 14:50:00;Strada Urbana;LARGO RAFFAELE PETTAZZONI;da specificare;;;;...;Tamponamento;Rettilineo;Una carreggiata a senso unico di marcia;Asciutto;Asfaltata;Verticale ed orizzontale;Sereno;Scarso;Buona;Ore Diurne;0;0;0;3;12.5448;41.875;-1;1;Autovettura di polizia;In marcia / fermata / arresto;Conducente;M;Illeso;0;;;
4890350;6;27/04/2020 14:50:00;Strada Urbana;LARGO RAFFAELE PETTAZZONI;da specificare;;;;...;Tamponamento;Rettilineo;Una carreggiata a senso unico di marcia;Asciutto;Asfaltata;Verticale ed orizzontale;Sereno;Scarso;Buona;Ore Diurne;0;0;0;3;12.5448;41.875;-1;1;Autovettura di polizia;In marcia / fermata / arresto;Passeggero;M;Illeso;0;;;
4890350;6;27/04/2020 14:50:00;Strada Urbana;LARGO RAFFAELE PETTAZZONI;da specificare;;;;...;Tamponamento;Rettilineo;Una carreggiata a senso unico di marcia;Asciutto;Asfaltata;Verticale ed orizzontale;Sereno;Scarso;Buona;Ore Diurne;0;0;0;3;12.5448;41.875;-1;2;Autovettura privata;In marcia / fermata / arresto;Conducente;M;Illeso;0;;;
4890387;18;27/04/2020 12:25:00;Strada Urbana;VIA ENRICO BONDI;in corrispondenza;;del civico n.;70;;Scontro frontale fra veicoli in marcia;Rettilineo;Una carreggiata a doppio senso;Asciutto;Asfaltata;Assente;Sereno;Scarso;Buona;Ore Diurne;0;0;0;2;12.3889;41.9031;-1;1;Autobus di linea;In marcia / fermata / arresto;Conducente;M;Illeso;0;;Non accertato;Inesploso
4890387;18;27/04/2020 12:25:00;Strada Urbana;VIA ENRICO BONDI;in corrispondenza;;del civico n.;70;;Scontro frontale fra veicoli in marcia;Rettilineo;Una carreggiata a doppio senso;Asciutto;Asfaltata;Assente;Sereno;Scarso;Buona;Ore Diurne;0;0;0;2;12.3889;41.9031;-1;2;Autovettura privata;In marcia / fermata / arresto;Conducente;F;Illeso;0;;Non accertato;Inesploso
4890397;17;27/04/2020 09:50:00;Strada Urbana;PIAZZALE MARESCIALLO GIARDINO;all'intersezione semaforizzata con;VIALE ANGELICO;VIALE ANGELICO;;;Veicolo in marcia contro ostacolo fisso;Intersezione semaforizzata;Una carreggiata a doppio senso;Asciutto;Asfaltata;Verticale ed orizzontale;Sereno;Scarso;Buona;Ore Diurne;0;0;0;1;12.4579;41.9237;-1;1;Rimorchio;In marcia / fermata / arresto;Conducente;M;Illeso;0;;;
4890406;18;27/04/2020 17:50:00;Strada Urbana;VIA LEONE XIII;in corrispondenza;;del civico n.;358;;Veicolo in marcia contro ostacolo fisso;Curva a visuale libera;Due carreggiate;Asciutto;Asfaltata;Verticale;Sereno;Scarso;Buona;;1;0;0;0;12.438;41.8921;-1;1;Motociclo a solo;In marcia / fermata / arresto;Conducente;M;Ricoverato;0;NON DECEDUTO;;
4890424;2;27/04/2020 11:30:00;Strada Urbana;PIAZZA VERBANO;in prossimit�;;del civico n.;23;;Tamponamento;Rotatoria;Una carreggiata a senso unico di marcia;Asciutto;Asfaltata;Verticale ed orizzontale;Sereno;Scarso;Buona;Ore Diurne;0;0;0;2;12.5076;41.9232;-1;1;Autovettura pubblica;In marcia / fermata / arresto;Conducente;M;Illeso;0;;Non accertato;Inesploso
4890424;2;27/04/2020 11:30:00;Strada Urbana;PIAZZA VERBANO;in prossimit�;;del civico n.;23;;Tamponamento;Rotatoria;Una carreggiata a senso unico di marcia;Asciutto;Asfaltata;Verticale ed orizzontale;Sereno;Scarso;Buona;Ore Diurne;0;0;0;2;12.5076;41.9232;-1;2;Autovettura privata;In marcia / fermata / arresto;Conducente;M;Illeso;0;;Non accertato;Inesploso
4890425;2;27/04/2020 08:15:00;Strada Urbana;VIA SALARIA;da specificare;;;;dopo svincolo prati fiscali dir. GRA;Tamponamento;Rettilineo;Una carreggiata a senso unico di marcia;Asciutto;Asfaltata;Verticale ed orizzontale;Sereno;Scarso;Buona;Ore Diurne;0;0;0;2;12.6805;42.1556;-1;1;Autovettura privata;In marcia / fermata / arresto;Conducente;M;Illeso;0;;Non accertato;Esploso
4890425;2;27/04/2020 08:15:00;Strada Urbana;VIA SALARIA;da specificare;;;;dopo svincolo prati fiscali dir. GRA;Tamponamento;Rettilineo;Una carreggiata a senso unico di marcia;Asciutto;Asfaltata;Verticale ed orizzontale;Sereno;Scarso;Buona;Ore Diurne;0;0;0;2;12.6805;42.1556;-1;2;Autovettura privata;In marcia / fermata / arresto;Conducente;M;Illeso;0;;Non accertato;Inesploso
4890459;17;27/04/2020 12:00:00;Strada Urbana;PIAZZA DELLA LIBERTA';in prossimit�;;del civico n.;20;;Scontro laterale fra veicoli in marcia;Rotatoria;Una carreggiata a senso unico di marcia;Asciutto;Asfaltata;Verticale ed orizzontale;Sereno;Scarso;Buona;Ore Diurne;0;0;0;4;12.4708;41.9102;0;1;Autovettura privata;In marcia / fermata / arresto;Conducente;M;Illeso;0;;;
4890459;17;27/04/2020 12:00:00;Strada Urbana;PIAZZA DELLA LIBERTA';in prossimit�;;del civico n.;20;;Scontro laterale fra veicoli in marcia;Rotatoria;Una carreggiata a senso unico di marcia;Asciutto;Asfaltata;Verticale ed orizzontale;Sereno;Scarso;Buona;Ore Diurne;0;0;0;4;12.4708;41.9102;0;1;Autovettura privata;In marcia / fermata / arresto;Passeggero;M;Illeso;0;;;
4890459;17;27/04/2020 12:00:00;Strada Urbana;PIAZZA DELLA LIBERTA';in prossimit�;;del civico n.;20;;Scontro laterale fra veicoli in marcia;Rotatoria;Una carreggiata a senso unico di marcia;Asciutto;Asfaltata;Verticale ed orizzontale;Sereno;Scarso;Buona;Ore Diurne;0;0;0;4;12.4708;41.9102;0;2;Autovettura privata;In marcia / fermata / arresto;Conducente;F;Illeso;0;;;
4890459;17;27/04/2020 12:00:00;Strada Urbana;PIAZZA DELLA LIBERTA';in prossimit�;;del civico n.;20;;Scontro laterale fra veicoli in marcia;Rotatoria;Una carreggiata a senso unico di marcia;Asciutto;Asfaltata;Verticale ed orizzontale;Sereno;Scarso;Buona;Ore Diurne;0;0;0;4;12.4708;41.9102;0;2;Autovettura privata;In marcia / fermata / arresto;Passeggero;M;Illeso;0;;;
4890475;4;27/04/2020 08:00:00;Strada Urbana;VIA DELLE VIGNE NUOVE;all'intersezione con;VIA MONTE RESEGONE;VIA MONTE RESEGONE;;;Scontro laterale fra veicoli in marcia;Incrocio;Una carreggiata a doppio senso;Asciutto;Asfaltata;Orizzontale;Sereno;Scarso;Sufficiente;Ore Diurne;0;0;0;3;12.5358;41.9554;-1;1;Autovettura privata;In marcia / fermata / arresto;Conducente;F;Illeso;0;;Non accertato;
4890475;4;27/04/2020 08:00:00;Strada Urbana;VIA DELLE VIGNE NUOVE;all'intersezione con;VIA MONTE RESEGONE;VIA MONTE RESEGONE;;;Scontro laterale fra veicoli in marcia;Incrocio;Una carreggiata a doppio senso;Asciutto;Asfaltata;Orizzontale;Sereno;Scarso;Sufficiente;Ore Diurne;0;0;0;3;12.5358;41.9554;-1;2;Autocarro inferiore 35 q.;In marcia / fermata / arresto;Conducente;M;Illeso;0;;Non accertato;
4890475;4;27/04/2020 08:00:00;Strada Urbana;VIA DELLE VIGNE NUOVE;all'intersezione con;VIA MONTE RESEGONE;VIA MONTE RESEGONE;;;Scontro laterale fra veicoli in marcia;Incrocio;Una carreggiata a doppio senso;Asciutto;Asfaltata;Orizzontale;Sereno;Scarso;Sufficiente;Ore Diurne;0;0;0;3;12.5358;41.9554;-1;2;Autocarro inferiore 35 q.;In marcia / fermata / arresto;Passeggero;M;Illeso;0;;Non accertato;
4890489;17;27/04/2020 15:20:00;Strada Urbana;VIA DELLA CAMILLUCCIA;in corrispondenza;;del civico n.;1;;Scontro frontale/laterale SX fra veicoli in marcia;Rettilineo;Una carreggiata a senso unico di marcia;Asciutto;Asfaltata;Verticale ed orizzontale;Sereno;Scarso;Buona;Ore Diurne;0;0;0;3;12.446;41.9287;-1;1;Autovettura privata;In marcia / fermata / arresto;Conducente;M;Illeso;0;;;
4890489;17;27/04/2020 15:20:00;Strada Urbana;VIA DELLA CAMILLUCCIA;in corrispondenza;;del civico n.;1;;Scontro frontale/laterale SX fra veicoli in marcia;Rettilineo;Una carreggiata a senso unico di marcia;Asciutto;Asfaltata;Verticale ed orizzontale;Sereno;Scarso;Buona;Ore Diurne;0;0;0;3;12.446;41.9287;-1;1;Autovettura privata;In marcia / fermata / arresto;Passeggero;F;Illeso;0;;;