Protocollo;Gruppo;DataOraIncidente;Localizzazione1;STRADA1;Localizzazione2;STRADA2;Strada02;Chilometrica;DaSpecificare;NaturaIncidente;particolaritastrade;TipoStrada;FondoStradale;Pavimentazione;Segnaletica;CondizioneAtmosferica;Traffico;Visibilita;Illuminazione;NUM_FERITI;NUM_RISERVATA;NUM_MORTI;NUM_ILLESI;Longitudine;Latitudine;Confermato;Progressivo;TipoVeicolo;StatoVeicolo;TipoPersona;Sesso;Tipolesione;Deceduto;DecedutoDopo;CinturaCascoUtilizzato;Airbag;
4892560;13;29/04/2020 09:20:00;Strada Urbana;VIALE DI CASTEL PORZIANO;all'intersezione con;VIA FRANCESCO CILEA;VIA FRANCESCO CILEA;;;Scontro frontale/laterale DX fra veicoli in marcia;Incrocio;Una carreggiata a doppio senso;Asciutto;Asfaltata;Assente;Sereno;Scarso;Buona;Ore Diurne;1;0;0;1;12.3491;41.7308;-1;3;Autovettura privata;Sosta;;;;;;;
4892563;8;29/04/2020 12:30:00;Statale entro l'abitato;VIA CASILINA;in corrispondenza;;del civico n.;1597;;Tamponamento;Pendenza;Una carreggiata a doppio senso;Asciutto;Asfaltata;Orizzontale;Sereno;Scarso;Buona;Ore Diurne;1;0;0;1;12.6362;41.864;-1;1;Autovettura privata;In marcia / fermata / arresto;Conducente;M;Rimandato;0;NON DECEDUTO;;
4892563;8;29/04/2020 12:30:00;Statale entro l'abitato;VIA CASILINA;in corrispondenza;;del civico n.;1597;;Tamponamento;Pendenza;Una carreggiata a doppio senso;Asciutto;Asfaltata;Orizzontale;Sereno;Scarso;Buona;Ore Diurne;1;0;0;1;12.6362;41.864;-1;2;Autocarro inferiore 35 q.;In marcia / fermata / arresto;Conducente;M;Illeso;0;;;
4892565;11;29/04/2020 12:45:00;Strada Urbana;PIAZZALE TOMMASO EDISON;da specificare;;;;altezza LUNGOTEVERE SAN PAOLO;Scontro laterale fra veicoli in marcia;Rettilineo;Due carreggiate;Asciutto;Asfaltata;Verticale ed orizzontale;Nuvoloso;Scarso;Buona;Ore Diurne;0;1;0;1;12.471;41.8586;-1;1;Autovettura privata;In marcia / fermata / arresto;Conducente;M;Illeso;0;;;
4892565;11;29/04/2020 12:45:00;Strada Urbana;PIAZZALE TOMMASO EDISON;da specificare;;;;altezza LUNGOTEVERE SAN PAOLO;Scontro laterale fra veicoli in marcia;Rettilineo;Due carreggiate;Asciutto;Asfaltata;Verticale ed orizzontale;Nuvoloso;Scarso;Buona;Ore Diurne;0;1;0;1;12.471;41.8586;-1;2;Velocipede;In marcia / fermata / arresto;Conducente;M;Prognosi riservata;0;NON DECEDUTO;Esente;
4892595;8;29/04/2020 19:50:00;Strada Urbana;VIA WALTER TOBAGI;da specificare;;;;altezza Via del Pettirosso;Investimento di pedone;Rettilineo;Una carreggiata a senso unico di marcia;Asciutto;Asfaltata;Verticale ed orizzontale;Sereno;Scarso;Buona;Ore Diurne;1;0;0;1;12.5973;41.8753;-1;;;;Pedone;M;Ricoverato;0;NON DECEDUTO;;
4892595;8;29/04/2020 19:50:00;Strada Urbana;VIA WALTER TOBAGI;da specificare;;;;altezza Via del Pettirosso;Investimento di pedone;Rettilineo;Una carreggiata a senso unico di marcia;Asciutto;Asfaltata;Verticale ed orizzontale;Sereno;Scarso;Buona;Ore Diurne;1;0;0;1;12.5973;41.8753;-1;1;Autovettura privata;In marcia / fermata / arresto;Conducente;M;Illeso;0;;Non accertato;Inesploso
4892597;20;29/04/2020 11:00:00;Strada Urbana;VIA DI S. CORNELIA;in corrispondenza;;del civico n.;256 C;;Veicolo in marcia contro veicolo in sosta;Rettilineo;Una carreggiata a doppio senso;Asciutto;Asfaltata;Verticale ed orizzontale;Sereno;Scarso;Buona;Ore Diurne;0;0;0;1;12.4532;42.0259;-1;1;Autocarro inferiore 35 q.;In marcia / fermata / arresto;Conducente;M;Illeso;0;;Non accertato;
4892597;20;29/04/2020 11:00:00;Strada Urbana;VIA DI S. CORNELIA;in corrispondenza;;del civico n.;256 C;;Veicolo in marcia contro veicolo in sosta;Rettilineo;Una carreggiata a doppio senso;Asciutto;Asfaltata;Verticale ed orizzontale;Sereno;Scarso;Buona;Ore Diurne;0;0;0;1;12.4532;42.0259;-1;2;Autovettura privata;Sosta;;;;;;;
4892616;19;29/04/2020 14:50:00;Strada Urbana;VIA NERVIANO;in corrispondenza;;del civico n.;10;;Veicolo in marcia contro veicolo in sosta;Rettilineo;Una carreggiata a doppio senso;Asciutto;Asfaltata;Assente;Sereno;Scarso;Buona;Ore Diurne;1;0;0;0;12.3888;41.9466;-1;1;Autovettura privata;In marcia / fermata / arresto;Conducente;F;Rimandato;0;NON DECEDUTO;;
4892616;19;29/04/2020 14:50:00;Strada Urbana;VIA NERVIANO;in corrispondenza;;del civico n.;10;;Veicolo in marcia contro veicolo in sosta;Rettilineo;Una carreggiata a doppio senso;Asciutto;Asfaltata;Assente;Sereno;Scarso;Buona;Ore Diurne;1;0;0;0;12.3888;41.9466;-1;2;Autovettura privata;Sosta;;;;;;;
4892621;7;29/04/2020 16:50:00;Strada Urbana;VIALE PALMIRO TOGLIATTI;all'intersezione con;PIAZZALE PINO PASCALI;PIAZZALE PINO PASCALI;;;Scontro frontale/laterale DX fra veicoli in marcia;Incrocio;Una carreggiata a senso unico di marcia;Asciutto;Asfaltata;Verticale ed orizzontale;Sereno;Scarso;Buona;Ore Diurne;2;0;0;1;12.5733;41.8872;-1;1;Autovettura privata;In marcia / fermata / arresto;Conducente;M;Illeso;0;;Non accertato;Esploso
4892621;7;29/04/2020 16:50:00;Strada Urbana;VIALE PALMIRO TOGLIATTI;all'intersezione con;PIAZZALE PINO PASCALI;PIAZZALE PINO PASCALI;;;Scontro frontale/laterale DX fra veicoli in marcia;Incrocio;Una carreggiata a senso unico di marcia;Asciutto;Asfaltata;Verticale ed orizzontale;Sereno;Scarso;Buona;Ore Diurne;2;0;0;1;12.5733;41.8872;-1;2;Autovettura privata;In marcia / fermata / arresto;Conducente;M;Rimandato;0;NON DECEDUTO;Non accertato;Esploso
4892621;7;29/04/2020 16:50:00;Strada Urbana;VIALE PALMIRO TOGLIATTI;all'intersezione con;PIAZZALE PINO PASCALI;PIAZZALE PINO PASCALI;;;Scontro frontale/laterale DX fra veicoli in marcia;Incrocio;Una carreggiata a senso unico di marcia;Asciutto;Asfaltata;Verticale ed orizzontale;Sereno;Scarso;Buona;Ore Diurne;2;0;0;1;12.5733;41.8872;-1;2;Autovettura privata;In marcia / fermata / arresto;Passeggero;M;Rimandato;0;NON DECEDUTO;Non accertato;Esploso
4892633;19;29/04/2020 18:20:00;Strada Urbana;VIA CASTELBIANCO;da specificare;;;;prossimit� con VIA DI TORREVECCHIA;Veicolo in marcia contro veicoli in sosta;Rettilineo;Una carreggiata a senso unico di marcia;Asciutto;Asfaltata;Verticale;Sereno;Scarso;Buona;Ore Diurne;0;0;0;1;12.4211;41.9294;-1;1;Autovettura privata;In marcia / fermata / arresto;Conducente;M;Illeso;0;;;
4892633;19;29/04/2020 18:20:00;Strada Urbana;VIA CASTELBIANCO;da specificare;;;;prossimit� con VIA DI TORREVECCHIA;Veicolo in marcia contro veicoli in sosta;Rettilineo;Una carreggiata a senso unico di marcia;Asciutto;Asfaltata;Verticale;Sereno;Scarso;Buona;Ore Diurne;0;0;0;1;12.4211;41.9294;-1;2;Autovettura privata;Sosta;;;;;;;
4892633;19;29/04/2020 18:20:00;Strada Urbana;VIA CASTELBIANCO;da specificare;;;;prossimit� con VIA DI TORREVECCHIA;Veicolo in marcia contro veicoli in sosta;Rettilineo;Una carreggiata a senso unico di marcia;Asciutto;Asfaltata;Verticale;Sereno;Scarso;Buona;Ore Diurne;0;0;0;1;12.4211;41.9294;-1;3;Autovettura privata;Sosta;;;;;;;
4892671;7;29/04/2020;Strada Urbana;VIA DELLE PALME;in corrispondenza;;del civico n.;109;;Veicolo in marcia contro veicolo in sosta;Rettilineo;Una carreggiata a doppio senso;Asciutto;Asfaltata;Orizzontale;Sereno;Normale;Buona;Ore Diurne;0;0;0;0;12.5687;41.8901;-1;1;Autovettura privata;Sosta;;;;;;;
4892696;10;29/04/2020 19:00:00;Strada Urbana;VIA ANAGNINA;da specificare;;;;SOTTOPASSO DIREZIONE GROTTAFERRATA;Scontro laterale fra veicoli in marcia;Rettilineo;Due carreggiate;Asciutto;Asfaltata;Verticale ed orizzontale;Sereno;Scarso;Buona;Ore Diurne;0;0;0;2;12.5959;41.8322;-1;1;Autovettura privata;In marcia / fermata / arresto;Conducente;M;Illeso;0;;Non accertato;Inesploso
4892696;10;29/04/2020 19:00:00;Strada Urbana;VIA ANAGNINA;da specificare;;;;SOTTOPASSO DIREZIONE GROTTAFERRATA;Scontro laterale fra veicoli in marcia;Rettilineo;Due carreggiate;Asciutto;Asfaltata;Verticale ed orizzontale;Sereno;Scarso;Buona;Ore Diurne;0;0;0;2;12.5959;41.8322;-1;2;Autovettura privata;In marcia / fermata / arresto;Conducente;M;Illeso;0;;Non accertato;Inesploso
4892793;9;29/04/2020 17:55:00;Strada Urbana;VIA LA SPEZIA;da specificare;;;;PROSSIMITA' FR.53;Tamponamento;Rettilineo;Una carreggiata a doppio senso;Asciutto;Asfaltata;Verticale ed orizzontale;Sereno;Scarso;Sufficiente;Ore Diurne;0;0;0;2;12.5153;41.8863;-1;1;Autovettura privata;In marcia / fermata / arresto;Conducente;M;Illeso;0;;Non accertato;Inesploso
4892793;9;29/04/2020 17:55:00;Strada Urbana;VIA LA SPEZIA;da specificare;;;;PROSSIMITA' FR.53;Tamponamento;Rettilineo;Una carreggiata a doppio senso;Asciutto;Asfaltata;Verticale ed orizzontale;Sereno;Scarso;Sufficiente;Ore Diurne;0;0;0;2;12.5153;41.8863;-1;2;Autovettura privata;In marcia / fermata / arresto;Conducente;M;Illeso;0;;;
4892843;2;29/04/2020 07:55:00;Strada Urbana;LUNGOTEVERE FLAMINIO;all'intersezione con;PIAZZALE DELLE BELLE ARTI;PIAZZALE DELLE BELLE ARTI;;;Veicolo in marcia contro ostacolo accidentale;Incrocio;Una carreggiata a doppio senso;Viscido da liquidi oleosi;Asfaltata;Verticale ed orizzontale;Nuvoloso;Scarso;Buona;Ore Diurne;0;0;0;1;12.4661;41.9238;-1;1;Motociclo a solo;In marcia / fermata / arresto;Conducente;M;Illeso;0;;Non accertato;
4892950;11;30/04/2020 12:35:00;Strada Urbana;PIAZZA VITTORIO BOTTEGO;all'intersezione con;VIALE DEL CAMPO BOARIO;VIALE DEL CAMPO BOARIO;;;Scontro frontale/laterale SX fra veicoli in marcia;Intersezione stradale segnalata;Una carreggiata a senso unico di marcia;Asciutto;Asfaltata;Verticale ed orizzontale;Sereno;Scarso;Buona;Ore Diurne;0;0;0;2;12.4779;41.8744;-1;1;Autocarro inferiore 35 q.;In marcia / fermata / arresto;Conducente;M;Illeso;0;;Non accertato;Inesploso
4892950;11;30/04/2020 12:35:00;Strada Urbana;PIAZZA VITTORIO BOTTEGO;all'intersezione con;VIALE DEL CAMPO BOARIO;VIALE DEL CAMPO BOARIO;;;Scontro frontale/laterale SX fra veicoli in marcia;Intersezione stradale segnalata;Una carreggiata a senso unico di marcia;Asciutto;Asfaltata;Verticale ed orizzontale;Sereno;Scarso;Buona;Ore Diurne;0;0;0;2;12.4779;41.8744;-1;2;Autovettura privata;In marcia / fermata / arresto;Conducente;M;Illeso;0;;Non accertato;Inesploso
4893216;16;30/04/2020 10:30:00;Strada Urbana;VIA LEOPOLDO SERRA;in corrispondenza;;del civico n.;30;;Veicolo in marcia contro veicoli in sosta;Rettilineo;Una carreggiata a senso unico di marcia;Asciutto;Asfaltata;Verticale ed orizzontale;Sereno;Scarso;Buona;Ore Diurne;0;0;0;2;12.4708;41.8821;-1;1;Autovettura privata;In marcia / fermata / arresto;Conducente;M;Illeso;0;;;
4893216;16;30/04/2020 10:30:00;Strada Urbana;VIA LEOPOLDO SERRA;in corrispondenza;;del civico n.;30;;Veicolo in marcia contro veicoli in sosta;Rettilineo;Una carreggiata a senso unico di marcia;Asciutto;Asfaltata;Verticale ed orizzontale;Sereno;Scarso;Buona;Ore Diurne;0;0;0;2;12.4708;41.8821;-1;2;Autovettura privata;In marcia / fermata / arresto;Conducente;M;Illeso;0;;;
4893216;16;30/04/2020 10:30:00;Strada Urbana;VIA LEOPOLDO SERRA;in corrispondenza;;del civico n.;30;;Veicolo in marcia contro veicoli in sosta;Rettilineo;Una carreggiata a senso unico di marcia;Asciutto;Asfaltata;Verticale ed orizzontale;Sereno;Scarso;Buona;Ore Diurne;0;0;0;2;12.4708;41.8821;-1;3;Autovettura privata;Sosta;;;;;;;
4893279;9;30/04/2020 07:30:00;;PIAZZA DELL'ALBERONE;in corrispondenza;;del civico n.;40;;Veicolo in marcia contro ostacolo accidentale;;;;;;;;;;0;0;0;1;12.5213;41.8763;0;1;Autocarro inferiore 35 q.;In marcia / fermata / arresto;Conducente;M;Illeso;0;;;
4893732;13;30/04/2020 18:50:00;Strada Urbana;VIA OSTIENSE;in corrispondenza;;del palo luce n.;416;;Scontro laterale fra veicoli in marcia;Rettilineo;Una carreggiata a senso unico di marcia;Asciutto;Asfaltata;Verticale ed orizzontale;Sereno;Normale;Buona;Ore Diurne;0;0;0;3;12.4229;41.8109;-1;1;Autovettura privata;In marcia / fermata / arresto;Conducente;M;Illeso;0;;Non accertato;Inesploso
4893732;13;30/04/2020 18:50:00;Strada Urbana;VIA OSTIENSE;in corrispondenza;;del palo luce n.;416;;Scontro laterale fra veicoli in marcia;Rettilineo;Una carreggiata a senso unico di marcia;Asciutto;Asfaltata;Verticale ed orizzontale;Sereno;Normale;Buona;Ore Diurne;0;0;0;3;12.4229;41.8109;-1;2;Motrice;In marcia / fermata / arresto;Conducente;M;Illeso;0;;Non accertato;Inesploso
4893732;13;30/04/2020 18:50:00;Strada Urbana;VIA OSTIENSE;in corrispondenza;;del palo luce n.;416;;Scontro laterale fra veicoli in marcia;Rettilineo;Una carreggiata a senso unico di marcia;Asciutto;Asfaltata;Verticale ed orizzontale;Sereno;Normale;Buona;Ore Diurne;0;0;0;3;12.4229;41.8109;-1;3;Rimorchio;In marcia / fermata / arresto;Conducente;M;Illeso;0;;Non accertato;Inesploso
4894514;10;28/04/2020 14:00:00;Strada Urbana;VIA VIGNE DI PASSO LOMBARDO;all'intersezione con;VIA GUARRATO;VIA GUARRATO;;;Scontro frontale/laterale SX fra veicoli in marcia;Incrocio;Una carreggiata a doppio senso;Asciutto;Asfaltata;Assente;Sereno;Scarso;Buona;Ore Diurne;0;0;0;2;12.6396;41.8323;-1;1;Autovettura privata;In marcia / fermata / arresto;Conducente;M;Illeso;0;;Non accertato;Inesploso
4894514;10;28/04/2020 14:00:00;Strada Urbana;VIA VIGNE DI PASSO LOMBARDO;all'intersezione con;VIA GUARRATO;VIA GUARRATO;;;Scontro frontale/laterale SX fra veicoli in marcia;Incrocio;Una carreggiata a doppio senso;Asciutto;Asfaltata;Assente;Sereno;Scarso;Buona;Ore Diurne;0;0;0;2;12.6396;41.8323;-1;2;Autovettura privata;In marcia / fermata / arresto;Conducente;M;Illeso;0;;Non accertato;Esploso
4894579;10;30/04/2020 12:55:00;Strada Urbana;VIA TUSCOLANA;all'intersezione con;VIA DI CASAL MORENA;VIA DI CASAL MORENA;;;Veicolo in marcia contro ostacolo fisso;Incrocio;Due carreggiate;Asciutto;Asfaltata;Verticale ed orizzontale;Sereno;Normale;Buona;Ore Diurne;0;0;0;1;12.6188;41.8309;-1;1;Autovettura privata;In marcia / fermata / arresto;Conducente;M;Illeso;0;;Non accertato;Inesploso
4894601;11;30/04/2020 12:30:00;Strada Urbana;VIA LEARCO GUERRA;da specificare;;;;prossimit� PALO ACEA 5;Veicolo in marcia contro veicolo in sosta;Rotatoria;Una carreggiata a senso unico di marcia;Asciutto;Asfaltata;Verticale ed orizzontale;Sereno;Scarso;Buona;Ore Diurne;0;0;0;1;12.5121;41.833;-1;1;Autocarro superiore 35 q.;In marcia / fermata / arresto;Conducente;M;Illeso;0;;;
4894601;11;30/04/2020 12:30:00;Strada Urbana;VIA LEARCO GUERRA;da specificare;;;;prossimit� PALO ACEA 5;Veicolo in marcia contro veicolo in sosta;Rotatoria;Una carreggiata a senso unico di marcia;Asciutto;Asfaltata;Verticale ed orizzontale;Sereno;Scarso;Buona;Ore Diurne;0;0;0;1;12.5121;41.833;-1;2;Autovettura privata;Sosta;;;;;;;
4895119;5;30/04/2020 10:00:00;Strada Urbana;VIA CORINALDO;da specificare;;;;prossimit� Via Pievebovigliana;Scontro laterale fra veicoli in marcia;Rettilineo;Una carreggiata a senso unico di marcia;Asciutto;Asfaltata;Verticale;Sereno;Normale;Buona;Ore Diurne;0;0;0;2;12.587;41.9393;-1;1;Autovettura privata;In marcia / fermata / arresto;Conducente;F;Illeso;0;;;
4895119;5;30/04/2020 10:00:00;Strada Urbana;VIA CORINALDO;da specificare;;;;prossimit� Via Pievebovigliana;Scontro laterale fra veicoli in marcia;Rettilineo;Una carreggiata a senso unico di marcia;Asciutto;Asfaltata;Verticale;Sereno;Normale;Buona;Ore Diurne;0;0;0;2;12.587;41.9393;-1;2;Autovettura privata;In marcia / fermata / arresto;Conducente;M;Illeso;0;;;
4895120;5;30/04/2020 11:00:00;Strada Urbana;VIA IGINO GIORDANI;in prossimit�;;del civico n.;61;;Scontro laterale fra veicoli in marcia;Rettilineo;Una carreggiata a doppio senso;Asciutto;Asfaltata;Orizzontale;Sereno;Normale;Buona;Ore Diurne;0;0;0;2;12.5633;41.9068;-1;1;Autovettura privata;In marcia / fermata / arresto;Conducente;F;Illeso;0;;Non accertato;Inesploso
4895120;5;30/04/2020 11:00:00;Strada Urbana;VIA IGINO GIORDANI;in prossimit�;;del civico n.;61;;Scontro laterale fra veicoli in marcia;Rettilineo;Una carreggiata a doppio senso;Asciutto;Asfaltata;Orizzontale;Sereno;Normale;Buona;Ore Diurne;0;0;0;2;12.5633;41.9068;-1;1;Autovettura privata;In marcia / fermata / arresto;Passeggero;M;Illeso;0;;Non accertato;Inesploso
4895120;5;30/04/2020 11:00:00;Strada Urbana;VIA IGINO GIORDANI;in prossimit�;;del civico n.;61;;Scontro laterale fra veicoli in marcia;Rettilineo;Una carreggiata a doppio senso;Asciutto;Asfaltata;Orizzontale;Sereno;Normale;Buona;Ore Diurne;0;0;0;2;12.5633;41.9068;-1;2;Autovettura privata;Allontanatosi;;;;;;;
4895125;5;30/04/2020 13:30:00;Strada Urbana;VIA FILIPPO FIORENTINI;da specificare;;;;altezza Via Zincone;Tamponamento Multiplo;Rettilineo;Due carreggiate;Asciutto;Asfaltata;Verticale ed orizzontale;Sereno;Normale;Buona;Ore Diurne;0;0;0;3;12.5559;41.9086;-1;1;Autovettura privata;In marcia / fermata / arresto;Conducente;M;Illeso;0;;;
4895125;5;30/04/2020 13:30:00;Strada Urbana;VIA FILIPPO FIORENTINI;da specificare;;;;altezza Via Zincone;Tamponamento Multiplo;Rettilineo;Due carreggiate;Asciutto;Asfaltata;Verticale ed orizzontale;Sereno;Normale;Buona;Ore Diurne;0;0;0;3;12.5559;41.9086;-1;2;Autovettura privata;In marcia / fermata / arresto;Conducente;F;Illeso;0;;;
4895125;5;30/04/2020 13:30:00;Strada Urbana;VIA FILIPPO FIORENTINI;da specificare;;;;altezza Via Zincone;Tamponamento Multiplo;Rettilineo;Due carreggiate;Asciutto;Asfaltata;Verticale ed orizzontale;Sereno;Normale;Buona;Ore Diurne;0;0;0;3;12.5559;41.9086;-1;3;Autovettura privata;In marcia / fermata / arresto;Conducente;F;Illeso;0;;;
4895339;8;30/04/2020 15:30:00;Strada Urbana;VIA TERSICORE;in corrispondenza;;del civico n.;16;;Veicolo in marcia contro ostacolo accidentale;Rettilineo;Una carreggiata a doppio senso;Asciutto;Asfaltata;Assente;Sereno;Scarso;Buona;Ore Diurne;0;0;0;1;12.6152;41.8726;-1;1;Autovettura privata;In marcia / fermata / arresto;Conducente;M;Illeso;0;;;
4895601;2;30/04/2020 13:15:00;Strada Urbana;VIALE LIEGI;in prossimit�;;del civico n.;7;;Veicolo in marcia contro veicolo fermo;Rettilineo;Una carreggiata a doppio senso;Asciutto;Asfaltata;Verticale ed orizzontale;Sereno;Scarso;Buona;Ore Diurne;1;0;0;1;12.4966;41.9207;-1;1;Motociclo a solo;In marcia / fermata / arresto;Conducente;M;Rimandato;0;NON DECEDUTO;;
4895601;2;30/04/2020 13:15:00;Strada Urbana;VIALE LIEGI;in prossimit�;;del civico n.;7;;Veicolo in marcia contro veicolo fermo;Rettilineo;Una carreggiata a doppio senso;Asciutto;Asfaltata;Verticale ed orizzontale;Sereno;Scarso;Buona;Ore Diurne;1;0;0;1;12.4966;41.9207;-1;2;Autocarro inferiore 35 q.;In marcia / fermata / arresto;Conducente;M;Illeso;0;;Non accertato;Inesploso
4896288;20;30/04/2020 12:30:00;Comunale extraurbana;VIA DI S. CORNELIA;da specificare;;;;prossimit� via della Selvotta;Veicolo in marcia contro ostacolo fisso;Rettilineo;Una carreggiata a doppio senso;Asciutto;Asfaltata;Verticale ed orizzontale;Sereno;Scarso;Buona;Ore Diurne;1;0;0;0;12.437;42.0298;-1;1;Autovettura privata;In marcia / fermata / arresto;Conducente;F;Rimandato;0;NON DECEDUTO;Non accertato;
4896339;19;30/04/2020 21:00:00;Strada Urbana;VIA TRIONFALE;in prossimit�;;del civico n.;8000;;Scontro frontale/laterale DX fra veicoli in marcia;Rettilineo;Pi� di due carreggiate;Asciutto;Asfaltata;Orizzontale;Sereno;Scarso;Buona;Sufficiente;0;0;0;2;12.4309;41.9372;-1;1;Motociclo a solo;In marcia / fermata / arresto;Conducente;M;Illeso;0;;;
4896339;19;30/04/2020 21:00:00;Strada Urbana;VIA TRIONFALE;in prossimit�;;del civico n.;8000;;Scontro frontale/laterale DX fra veicoli in marcia;Rettilineo;Pi� di due carreggiate;Asciutto;Asfaltata;Orizzontale;Sereno;Scarso;Buona;Sufficiente;0;0;0;2;12.4309;41.9372;-1;2;Autovettura privata;In marcia / fermata / arresto;Conducente;M;Illeso;0;;;
4896380;20;30/04/2020 21:30:00;Strada Urbana;VIA DEI MONTI DELLA VALCHETTA;in prossimit�;;del civico n.;38;;Veicolo in marcia contro veicoli in sosta;Rettilineo;Una carreggiata a senso unico di marcia;Asciutto;Asfaltata;Orizzontale;Sereno;Scarso;Sufficiente;Sufficiente;0;0;0;0;12.4877;41.9903;-1;1;Autovettura privata;Allontanatosi;;;;;;;
4896380;20;30/04/2020 21:30:00;Strada Urbana;VIA DEI MONTI DELLA VALCHETTA;in prossimit�;;del civico n.;38;;Veicolo in marcia contro veicoli in sosta;Rettilineo;Una carreggiata a senso unico di marcia;Asciutto;Asfaltata;Orizzontale;Sereno;Scarso;Sufficiente;Sufficiente;0;0;0;0;12.4877;41.9903;-1;2;Autovettura privata;Sosta;;;;;;;
4896380;20;30/04/2020 21:30:00;Strada Urbana;VIA DEI MONTI DELLA VALCHETTA;in prossimit�;;del civico n.;38;;Veicolo in marcia contro veicoli in sosta;Rettilineo;Una carreggiata a senso unico di marcia;Asciutto;Asfaltata;Orizzontale;Sereno;Scarso;Sufficiente;Sufficiente;0;0;0;0;12.4877;41.9903;-1;3;Autovettura privata;Sosta;;;;;;;
4896380;20;30/04/2020 21:30:00;Strada Urbana;VIA DEI MONTI DELLA VALCHETTA;in prossimit�;;del civico n.;38;;Veicolo in marcia contro veicoli in sosta;Rettilineo;Una carreggiata a senso unico di marcia;Asciutto;Asfaltata;Orizzontale;Sereno;Scarso;Sufficiente;Sufficiente;0;0;0;0;12.4877;41.9903;-1;4;Autovettura privata;Sosta;;;;;;;
4896380;20;30/04/2020 21:30:00;Strada Urbana;VIA DEI MONTI DELLA VALCHETTA;in prossimit�;;del civico n.;38;;Veicolo in marcia contro veicoli in sosta;Rettilineo;Una carreggiata a senso unico di marcia;Asciutto;Asfaltata;Orizzontale;Sereno;Scarso;Sufficiente;Sufficiente;0;0;0;0;12.4877;41.9903;-1;5;Autovettura privata;Sosta;;;;;;;
4897283;16;30/04/2020 15:00:00;Strada Urbana;VIA DEL FONTANILE ARENATO;all'intersezione con;VIA DEI GRIMALDI;VIA DEI GRIMALDI;;;Scontro frontale/laterale DX fra veicoli in marcia;Incrocio;Una carreggiata a senso unico di marcia;Asciutto;Asfaltata;Verticale ed orizzontale;Sereno;Scarso;Sufficiente;Ore Diurne;0;0;0;3;12.4166;41.8836;-1;1;Autovettura privata;In marcia / fermata / arresto;Conducente;M;Illeso;0;;;
4897283;16;30/04/2020 15:00:00;Strada Urbana;VIA DEL FONTANILE ARENATO;all'intersezione con;VIA DEI GRIMALDI;VIA DEI GRIMALDI;;;Scontro frontale/laterale DX fra veicoli in marcia;Incrocio;Una carreggiata a senso unico di marcia;Asciutto;Asfaltata;Verticale ed orizzontale;Sereno;Scarso;Sufficiente;Ore Diurne;0;0;0;3;12.4166;41.8836;-1;1;Autovettura privata;In marcia / fermata / arresto;Passeggero;M;Illeso;0;;;
4897283;16;30/04/2020 15:00:00;Strada Urbana;VIA DEL FONTANILE ARENATO;all'intersezione con;VIA DEI GRIMALDI;VIA DEI GRIMALDI;;;Scontro frontale/laterale DX fra veicoli in marcia;Incrocio;Una carreggiata a senso unico di marcia;Asciutto;Asfaltata;Verticale ed orizzontale;Sereno;Scarso;Sufficiente;Ore Diurne;0;0;0;3;12.4166;41.8836;-1;2;Autovettura privata;In marcia / fermata / arresto;Conducente;F;Illeso;0;;;
4898012;16;30/04/2020 11:05:00;Strada Urbana;VIA DI BRAVA;in prossimit�;;del civico n.;48;;Scontro laterale fra veicoli in marcia;Curva senza visuale libera;Una carreggiata a doppio senso;Asciutto;Asfaltata;Assente;Sereno;Scarso;Sufficiente;Ore Diurne;0;0;0;2;12.3804;41.8792;-1;1;Autovettura privata;In marcia / fermata / arresto;Conducente;M;Illeso;0;;;
4898012;16;30/04/2020 11:05:00;Strada Urbana;VIA DI BRAVA;in prossimit�;;del civico n.;48;;Scontro laterale fra veicoli in marcia;Curva senza visuale libera;Una carreggiata a doppio senso;Asciutto;Asfaltata;Assente;Sereno;Scarso;Sufficiente;Ore Diurne;0;0;0;2;12.3804;41.8792;-1;2;Autovettura privata;In marcia / fermata / arresto;Conducente;M;Illeso;0;;;
4938221;23;23/04/2020 19:43:00;Strada Urbana;VIALE PALMIRO TOGLIATTI;all'intersezione con;VIA DEI PIOPPI;VIA DEI PIOPPI;;;Veicolo in marcia contro ostacolo fisso;Intersezione stradale segnalata;Due carreggiate;Asciutto;Asfaltata;Verticale ed orizzontale;Sereno;Scarso;Sufficiente;Ore Diurne;2;0;0;0;12.5733;41.8872;0;1;Autovettura privata;In marcia / fermata / arresto;Conducente;M;Rimandato;0;NON DECEDUTO;Non accertato;Esploso
4938221;23;23/04/2020 19:43:00;Strada Urbana;VIALE PALMIRO TOGLIATTI;all'intersezione con;VIA DEI PIOPPI;VIA DEI PIOPPI;;;Veicolo in marcia contro ostacolo fisso;Intersezione stradale segnalata;Due carreggiate;Asciutto;Asfaltata;Verticale ed orizzontale;Sereno;Scarso;Sufficiente;Ore Diurne;2;0;0;0;12.5733;41.8872;0;1;Autovettura privata;In marcia / fermata / arresto;Passeggero;M;Ricoverato;0;NON DECEDUTO;Non accertato;Esploso
5039714;8;03/04/2020 14:20:00;Strada Urbana;VIA DI TOR BELLA MONACA;all'intersezione semaforizzata con;VIALE PAOLO FERDINANDO QUAGLIA;VIALE PAOLO FERDINANDO QUAGLIA;;;Veicolo in marcia contro ostacolo fisso;Incrocio;Due carreggiate;Bagnato (pioggia);Asfaltata;Verticale ed orizzontale;Pioggia in atto;Scarso;Buona;;1;0;0;0;12.6281;41.8764;0;1;Autovettura privata;In marcia / fermata / arresto;Conducente;F;Rifiuta cure immediate;0;NON DECEDUTO;Non accertato;Esploso